hashtag,message
#challenges,You gotta accept the challenge to win - link
#selfie,Set your selfie record with znapin - link
#velfie,set your velfie record with znapin - link
#video,create the most fun videos with znapin - link
#dub,set your dub video record with znapin - link
#meme,Now create video memes with znapin - link
#fun,looking for something funtastic - get znapin
#school,Get your school talking, create fun videos with znapin - link
#class,Get your class talking, create fun videos with znapin - link
#tonguetwister,Its time for some fun - create fun videos with tongue twisters - link
#party,thinking of a party game? Create yours with znapin - link
#gamenight,thinking of a game? Create yours with znapin - link
#partynight,thinking of a party game? Create yours with znapin - link
#college,Get your college talking, create fun videos with znapin - link
#android,download now or be in FOMO android link
#androidgames,a real game with your friends - only much more real and fun - znapin - link
#ios,download now or be in FOMO ios link
#iosgames,a real game with your friends - only much more real and fun - znapin - link
#newapp,download now or be in FOMO link
#app,You havent done it till you have tried znapin - link
#competition,The most fun competitions ever - happening live on znapin - link
#challenge,You gotta accept the challenge to win - link
#selfiewar,start the selfie wars for real on znapin - link
#dubwar,start the real dub wars on znapin - link
#crazy,if you are crazy you are popular - link
#acting,got the skill? show off your talent on znapin ! take up a boom or more! link
#funtastic,looking for something funtastic - get znapin
#funny,when you are funny everyone loves you - get znapin get loved. link
#comedy,comedy is just a perspective - show your fun side with znapin - link
#win,You gotta accept the challenge to win - link
#kaboom,Time for some action - if you can do it better then them - you kaboom them - link
#nominate,Got some fun challenge? Nominate your friends with znapin - link
#followback,followback for some cool stuff - coming up every day on znapin - link
#fan,You aint a fan if you can mimic your fav celeb - try it out with znapin - link
#movie,Twist your favourite movie scenes with znapin - create your video memes. link
#rt,Challenge - Can you do a tongue twister which gets the most RT - Accepted ?!! head here : link
#celeb,Listen, smile, agree and then do whatever the F you were gonna do anyway. Agree? get znapin - link
#justdoit,dont think twice - just do it - get znapin now - link
#games,thinking of a party game? Create yours with znapin - link
#play,work, play and znapin - link
#dramaqueen,Its not entertainment if it aint drama - show your best side - get znapin - link
#leaderboard,Did i hear it right? Znapin has a leaderboard for Selfies?
#pinch,Find someone cute - pinch em on znapin - link
#girls,Girls who just dont take selfies but are fun - get znapin - link
#delicious,got some delicious stuff happening - znapin it - link
#bae,Znapin's Bae! You Bae? Download now - link
#fleek,Znapin's on fleek! Get it or get FOMO! Link
#trunt,You wanna get trunt, get znapin - link
#doe,his app znapin doe! link
#rekt,get rekt, dont get rekt, either way get znapin - link
#hella,The hella hot app you got to try - znapin - download now - link
#yas,Yaaas ! Yas! Yasss! You got to get znapin. Download now - link
#GivingMeLife,Znapin is giving me life ! YAS!
#Life,life is short, break the rules, gossip, get fun, get znapin - link
#Happy,znapin with those who make you happy - link
#Sickening,,If you got it sickening - you have got to get it on znapin - link
#Squad,Looking to do something fun with your squad - check out znapin - link
#lit,It's best to get znapin when you are #lit! Download now.
#FOMO,You dont wanna be the last one to join - FOMO 's Download it now
#fam,You havent got it till - you have done something fun with your #fam.
#BigB,ang,Create your own crazy theory - only on Znapin. Download Now.
#AMA,It's time for you to do some cool AMA. Try out znapin. Download now.
#HowTo,We'll know something others don't . How do you do it? Tell it with znapin
#RisingStar,Those who leave a trail of glitter are never forgotten - start yours with znapin - link
#Star,Those who leave a trail of glitter are never forgotten - start yours with znapin - link
#Startup,when you are ready to quit, you are closer then you think. The journey is worth preserving - do it with znapin! link
#YouNow,Show your crazy side up - become a big craze - check out znapin now - Download ->
#iPhone,Show your cool factor out with znapin - Download Now ->
#LoveWins,Some things are done best with those you love . Create fun stories with znapin - Download Now.
#Fashion,Flaunt your style - let others ape ! Beam your style, Boom it with znapin - link
#Lol,If it's a crazy as shit - its got to be on znapin! link -
#TBT,The best TBT's are made on Znapin Stories. What would be yours? link
#Travel,A simple hello could lead to a Million things. Create amazing stories with strangers.. Get znapin! link -
#TFW,Say what you feel, it's not being rude, its being real. Express with znapin - link
#Football,Family, Friends, Food and Football, if that's you, znapin's for you - Download now.
#Love,The good things in life are better with you. Create moments with your loved ones, get znapin with them. link
#Art,Art isn't what you see but what you make others see - Showcase your creativity with znapin - link
#Food,Calories don't count on the weekend - vlog your foodventures on znapin - link
#WorldRecord,Some thing fun can also create a record ! What would be your fun? Get started with Znapin - link